image,valid_px,real_px,discarded_px,discard_pct_of_real
2522,1048576,847474,133977,15.81
2523,1048576,386321,305518,79.08
2524,1048576,898517,194911,21.69
2525,1048576,81386,9157,11.25
2526,1048576,211510,211510,100.0
2527,1048576,192982,28066,14.54
2528,1048576,1022973,1022973,100.0
2529,1048576,184714,2044,1.11
2530,1048576,690354,5254,0.76
2531,1048576,183629,183618,99.99
2532,1048576,391536,12585,3.21
2533,1048576,898681,898681,100.0
2534,1048576,1012447,47824,4.72
2535,932490,860584,30479,3.54
2536,1048576,380255,9888,2.6
2537,1048576,900790,41769,4.64
2538,1048576,157068,157068,100.0
2539,1048576,373187,13837,3.71
2540,1048576,116149,2093,1.8
2541,1048576,1036855,1036855,100.0
2542,1048576,231434,103784,44.84
2543,1048576,833909,833909,100.0
2544,1048576,988364,35280,3.57
2545,1048576,682237,668158,97.94
2546,844317,789076,1464,0.19
2547,1048576,81321,73569,90.47
2548,1047970,654382,445820,68.13
2549,1048576,527276,527276,100.0
2550,1048576,927849,93760,10.11
2551,1048576,753357,739448,98.15
2552,1048576,404131,374577,92.69
2553,1048576,884371,705251,79.75
2554,1048576,936022,936022,100.0
2555,1048576,428707,421889,98.41
2556,1048576,350404,7255,2.07
2557,1048576,157372,6629,4.21
2558,1048576,1013579,13973,1.38
2559,1048576,470742,671,0.14
2560,1048576,584976,100089,17.11
2561,1048576,1004019,2260,0.23
2562,1048576,63151,63151,100.0
2563,814925,715886,7291,1.02
2564,1048576,734475,4169,0.57
2565,1048576,480330,480330,100.0
2566,1048576,738805,738805,100.0
2567,844124,807183,36439,4.51
2568,1048576,1035449,4411,0.43
2569,1048576,631532,90747,14.37
2570,1048576,695052,676521,97.33
2571,667786,451760,176506,39.07
2572,1048576,502075,434464,86.53
2573,664468,531882,170215,32.0
2574,1048576,524723,349893,66.68
2575,1048576,964333,7777,0.81
2576,1048576,838263,61990,7.4
2577,723219,564864,28547,5.05
2578,1048576,90591,90591,100.0
2579,1048576,523437,413185,78.94
2580,1048576,344597,1090,0.32
2581,1048576,397490,401,0.1
2582,1020642,852033,541,0.06
2583,1048576,261635,226853,86.71
2584,1048576,682723,625500,91.62
2585,1048576,988651,72551,7.34
2586,1048576,895370,38442,4.29
2587,1048576,751131,751131,100.0
2588,1048576,355566,28564,8.03
2589,1048576,433117,4389,1.01
2590,1048451,414140,53476,12.91
2591,1048576,794410,64524,8.12
2592,1048576,423273,25039,5.92
2593,1048576,710904,9538,1.34
2594,1048576,413582,28877,6.98
2595,1048576,953020,23400,2.46
2596,1048576,533663,533663,100.0
2597,1048576,1008030,10289,1.02
2598,607371,566701,50969,8.99
2599,1048576,971548,98796,10.17
2600,1048576,962521,16876,1.75
2601,1048576,565393,229064,40.51
2602,1048576,170430,3983,2.34
2603,1048576,321832,633,0.2
2604,1048576,870567,93638,10.76
2605,1048576,239175,237010,99.09
2606,1048576,68542,22671,33.08
2607,1048576,192345,1400,0.73
2608,1048576,737041,621504,84.32
2609,1048576,404960,8477,2.09
2610,1048576,317796,317796,100.0
2611,1048576,1037785,167,0.02
2612,1048576,136447,66648,48.85
2613,1048576,385684,385684,100.0
2614,1048576,557338,557338,100.0
2615,726560,715653,305,0.04
2616,1046137,646328,57464,8.89
2617,486890,394457,242,0.06
2618,1048576,163379,112849,69.07
2619,1048576,268679,13411,4.99
2620,1048576,198537,92216,46.45
2621,666200,601888,44926,7.46
2622,1048576,1030077,1124,0.11
2623,1048576,1032084,35437,3.43
2624,1048576,68311,4417,6.47
2625,1048576,845017,845017,100.0
2626,1048576,833071,32973,3.96
2627,1047915,546226,41029,7.51
2628,1048576,358278,18999,5.3
2629,1048576,144632,62576,43.27
2630,1048576,629095,629095,100.0
2631,1048576,715372,51792,7.24
2632,1048576,742775,200789,27.03
2633,1048576,384932,24401,6.34
2634,1048576,444988,784,0.18
2635,1048576,861482,45736,5.31
2636,1048576,562826,67993,12.08
2637,1048576,1048090,5923,0.57
2638,1048576,635552,589327,92.73
2639,1048576,635505,635505,100.0
2640,1048576,505966,407785,80.6
2641,873706,873211,15,0.0
2642,1048576,348255,348255,100.0
2643,1048576,842829,684236,81.18
2644,1048576,691710,156419,22.61
2645,1048576,955659,323355,33.84
2646,1048576,868271,8062,0.93
2647,1048576,362934,202796,55.88
2648,1048576,175384,9764,5.57
2649,1048576,883639,102435,11.59
2650,1048576,1026545,86302,8.41
2651,1048576,876232,63707,7.27
2652,1048576,821117,101035,12.3
2653,1048576,444666,444666,100.0
2654,1048576,627590,108079,17.22
2655,1048576,30541,80,0.26
2656,1048576,1046087,8990,0.86
2657,1048576,1005006,125265,12.46
2658,1048576,700245,544621,77.78
2659,1048576,560267,529297,94.47
2660,1048576,967735,967735,100.0
2661,1048576,459714,524,0.11
2662,1048576,588433,6029,1.02
2663,1048576,543472,41534,7.64
2664,1048576,104205,50651,48.61
2665,1048576,459096,127739,27.82
2666,1048576,1004254,38696,3.85
2667,1048576,210278,210278,100.0
2668,1048576,864518,57751,6.68
2669,1048576,98133,28119,28.65
2670,1048576,103749,103749,100.0
2671,1048576,568712,568712,100.0
2672,1048576,259419,3501,1.35
2673,1048576,505519,170080,33.64
2674,1048576,264041,16956,6.42
2675,960326,868025,53236,6.13
2676,1048576,532964,491490,92.22
2677,1048576,492922,475852,96.54
2678,1048576,93301,1722,1.85
2679,1048576,1028245,514,0.05
2680,1048576,449448,809,0.18
2681,1048576,652058,4264,0.65
2682,842676,842676,1164,0.14
2683,1048576,944946,1626,0.17
2684,1048576,180874,29373,16.24
2685,1048576,875750,119454,13.64
2686,899487,623032,8719,1.4
2687,1048576,139326,27280,19.58
2688,1048576,934048,41831,4.48
2689,1048576,812974,812974,100.0
2690,930910,809101,87385,10.8
2691,991257,966685,2858,0.3
2692,1048576,195808,15170,7.75
2693,1048576,162166,40354,24.88
2694,1048576,258579,258579,100.0
2695,1048576,713136,675863,94.77
2696,1048576,868616,111304,12.81
2697,1048576,955696,142471,14.91
2698,1048576,860508,98828,11.48
2699,1048576,352072,19477,5.53
2700,1048576,564734,345692,61.21
2701,1048576,879155,23807,2.71
2702,1048576,497263,438768,88.24
2703,1048576,173964,173888,99.96
2704,1048576,435873,149816,34.37
2705,1048576,206225,137960,66.9
2706,1048576,578165,537660,92.99
2707,1048576,1026770,1026770,100.0
2708,1048576,580225,12585,2.17
2709,1048576,865679,124158,14.34
2710,1048576,777603,37027,4.76
2711,1048576,265045,101929,38.46
2712,1048576,1029622,26810,2.6
2713,1048576,172583,144117,83.51
2714,1048576,669434,554616,82.85
2715,1048576,888965,98993,11.14
2716,1048576,335179,235920,70.39
2717,1048576,376773,9707,2.58
2718,1048576,965017,133798,13.86
2719,1048576,541585,37863,6.99
2720,1048576,1048558,385,0.04
2721,1048576,992794,81181,8.18
2722,1048576,676374,623064,92.12
2723,1048576,626140,15506,2.48
2724,1048576,127905,6639,5.19
2725,1048576,27270,27270,100.0
2726,1048576,916268,916268,100.0
2727,1048576,968469,163436,16.88
2728,1048576,679112,297296,43.78
2729,1048576,585580,531297,90.73
2730,1048576,367201,12961,3.53
2731,1048576,194066,72,0.04
2732,1048576,475963,6703,1.41
2733,1048576,144363,6700,4.64
2734,1048576,313717,237692,75.77
2735,1048576,373275,35415,9.49
2736,1048576,366599,2059,0.56
2737,1048576,347369,2169,0.62
2738,1048576,525067,152,0.03
2739,1048576,378782,41582,10.98
2740,1048576,108960,2952,2.71
2741,1048576,850369,849076,99.85
2742,1048576,823023,2087,0.25
2743,1048576,810725,79512,9.81
2744,870113,676629,4838,0.72
2745,1048576,303662,112532,37.06
2746,1048576,65877,3769,5.72
2747,1048576,943075,943075,100.0
2748,1048576,418585,36420,8.7
2749,1048576,817068,732669,89.67
2750,1048576,946208,929996,98.29
2751,1048576,763405,32496,4.26
2752,1048576,916226,916226,100.0
2753,1048576,292339,10935,3.74
2754,1048576,863330,164444,19.05
2755,1048576,1012161,14010,1.38
2756,1048576,107213,1409,1.31
2757,1048576,686744,126660,18.44
2758,1048576,232467,224930,96.76
2759,1048576,133680,10319,7.72
2760,1048576,934927,119472,12.78
2761,1048576,1017359,1017359,100.0
2762,1048576,618474,578716,93.57
2763,1048576,990875,729,0.07
2764,1048576,981303,27276,2.78
2765,1048576,822283,5952,0.72
2766,1048576,1043596,2858,0.27
2767,1048576,853613,64941,7.61
2768,1048576,774655,115591,14.92
2769,1048576,984660,1882,0.19
2770,1019147,702815,304810,43.37
2771,1048576,889385,889385,100.0
2772,1048576,591239,575332,97.31
2773,1048576,125200,8377,6.69
2774,1048576,350108,80257,22.92
2775,1048576,734131,3815,0.52
2776,1048576,665347,380,0.06
2777,1048576,278616,278616,100.0
2778,1048576,608316,868,0.14
2779,1047444,479053,55217,11.53
2780,1048576,1003528,103,0.01
2781,1048576,362572,362569,100.0
2782,1048576,692505,680406,98.25
2783,901498,896036,36410,4.06
2784,1048576,865683,85171,9.84
2785,1048576,574560,574560,100.0
2786,1048576,585386,15283,2.61
2787,1048576,83989,83989,100.0
2788,1048576,488468,471114,96.45
2789,1048576,155107,8961,5.78
2790,1048576,584563,20709,3.54
2791,1048576,899778,899778,100.0
2792,1048576,188686,54783,29.03
2793,1048576,140154,124788,89.04
2794,1048576,1048576,1048576,100.0
2795,1048576,1044533,1028392,98.45
2796,1048576,423056,259058,61.23
2797,1048576,229757,1642,0.71
2798,1048576,270650,5967,2.2
2799,1048576,627043,578773,92.3
2800,1048576,1013940,2888,0.28
2801,1048576,933755,10130,1.08
2802,1048576,958229,11449,1.19
2803,1048576,621024,606581,97.67
2804,1048576,445520,1023,0.23
2805,1048576,255873,149040,58.25
2806,1048576,276947,276597,99.87
2807,1048576,612022,216953,35.45
2808,1048576,435409,175889,40.4
2809,604777,372913,31305,8.39
2810,1048576,169303,169303,100.0
2811,1047878,459280,45223,9.85
2812,1048576,1036538,2050,0.2
2813,1048576,605071,47658,7.88
2814,1048576,379816,3868,1.02
2815,1048576,362629,5053,1.39
2816,1048576,716579,688560,96.09
2817,1048576,462611,462611,100.0
2818,1048576,499669,499669,100.0
2819,1048576,1022409,2387,0.23
2820,1048576,1038568,25524,2.46
2821,1048576,825567,167257,20.26
2822,1048576,915572,105007,11.47
2823,1048576,167635,1001,0.6
2824,1048576,261440,113753,43.51
2825,1048576,608478,130382,21.43
2826,1048576,904423,904423,100.0
2827,1048576,567947,433538,76.33
2828,1048576,427224,26178,6.13
2829,1048576,842770,897,0.11
2830,1048576,423284,576,0.14
2831,1048576,1016573,2006,0.2
2832,1048576,0,0,0.0
2833,1048576,792448,792448,100.0
2834,1048576,358054,358054,100.0
2835,1048576,694718,694717,100.0
2836,576335,576335,126,0.02
2837,1048576,1031562,13022,1.26
2838,961729,875663,220,0.03
2839,1048576,902508,51075,5.66
2840,638506,553998,40236,7.26
2841,1048576,336746,36066,10.71
2842,1048576,37008,22580,61.01
2843,1048576,236945,236945,100.0
2844,1048576,873279,116948,13.39
2845,548551,488507,8955,1.83
2846,1048576,388817,4725,1.22
2847,1048576,271386,43309,15.96
2848,1048576,694622,1766,0.25
2849,1048576,478154,17473,3.65
2850,1048576,873657,86420,9.89
2851,1048576,309021,161770,52.35
2852,1048576,441349,8757,1.98
2853,1048576,1044726,1016293,97.28
2854,1048576,507312,353937,69.77
2855,1048576,464777,354,0.08
2856,1048576,130265,130265,100.0
2857,1048576,609776,609776,100.0
2858,961872,949810,156,0.02
2859,1048576,688287,688287,100.0
2860,1048576,250849,11227,4.48
2861,1048576,456166,452245,99.14
2862,1048576,661715,33002,4.99
2863,1048576,1047732,991,0.09
2864,1048576,506240,46721,9.23
2865,1048576,330439,52806,15.98
2866,1048508,173167,2849,1.65
2867,1048576,882555,78159,8.86
2868,1048576,998585,14344,1.44
2869,1048576,362639,149408,41.2
2870,486705,414480,5653,1.36
2871,1048576,832385,832385,100.0
2872,1048576,451567,358,0.08
2873,1048576,913936,30633,3.35
2874,577960,577283,291,0.05
2875,1048576,646049,645948,99.98
2876,1048576,956995,17228,1.8
2877,1048576,958511,958511,100.0
2878,1048576,720771,77763,10.79
2879,1048576,124286,80408,64.7
2880,1048576,828491,1129,0.14
2881,1048576,1031763,20868,2.02
2882,1048576,949534,47343,4.99
2883,1048576,268812,1696,0.63
2884,1048576,640176,745,0.12
2885,1048576,979196,3260,0.33
2886,1048576,938029,89251,9.51
2887,1048576,310457,12459,4.01
2888,1048576,69757,66503,95.34
2889,1048576,442164,47542,10.75
2890,1048576,50278,50278,100.0
2891,667910,587403,74049,12.61
2892,693845,354954,43089,12.14
2893,1048576,249443,238144,95.47
2894,1048576,334063,193136,57.81
2895,1048576,105827,105827,100.0
2896,1048576,387584,298691,77.06
2897,1048576,501649,442,0.09
2898,1048512,426635,264164,61.92
2899,1048576,84069,8466,10.07
2900,1048576,960057,10374,1.08
2901,1048576,865615,865615,100.0
2902,1048576,468312,63740,13.61
2903,958246,764415,4120,0.54
2904,1048576,625857,625857,100.0
2905,1048576,211791,576,0.27
2906,1048576,366715,79475,21.67
2907,1048576,211668,250,0.12
2908,1048576,18753,18753,100.0
2909,1048576,965481,2147,0.22
2910,1048576,1048576,263,0.03
2911,1048576,1020694,12391,1.21
2912,1048576,296728,296728,100.0
2913,1048576,281974,6961,2.47
2914,1048576,900903,9407,1.04
2915,1048576,306085,246,0.08
2916,1048576,684934,684934,100.0
2917,1048576,973063,27666,2.84
2918,932325,918759,939,0.1
2919,1048576,927233,83371,8.99
2920,1048576,161275,258,0.16
2921,1048576,29955,1026,3.43
2922,1048576,218827,103432,47.27
2923,1048576,776689,109230,14.06
2924,1048576,946926,37794,3.99
2925,1048576,887578,37594,4.24
2926,1048576,223824,1677,0.75
2927,1048576,127800,17803,13.93
2928,1048576,918934,13512,1.47
2929,1048576,92689,38560,41.6
2930,1048576,116137,89051,76.68
2931,1048576,968788,17066,1.76
2932,1048576,1027132,609,0.06
2933,1048576,411792,26009,6.32
2934,1048576,712070,1826,0.26
2935,1048576,87914,71358,81.17
2936,1048576,694651,473,0.07
2937,1048576,379910,711,0.19
2938,1048576,273698,1359,0.5
2939,1048576,99966,98931,98.96
2940,1048576,534283,175319,32.81
2941,1048576,789802,789802,100.0
2942,1048576,998339,4163,0.42
2943,1048576,646955,593394,91.72
2944,1048576,772127,340533,44.1
2945,1048576,753567,98362,13.05
2946,1048576,776047,13755,1.77
2947,1048576,424426,257208,60.6
2948,1048576,880841,53215,6.04
2949,1048576,997025,25477,2.56
2950,1048576,940318,11732,1.25
2951,1048576,594292,221533,37.28
2952,1048576,178318,5188,2.91
2953,1048576,750373,750373,100.0
2954,1048576,971058,18044,1.86
2955,1048576,75568,46403,61.41
2956,1048576,1047042,1032663,98.63
2957,1048576,370676,88201,23.79
2958,1048576,279594,393,0.14
2959,1048576,517549,161,0.03
2960,1048576,272308,21674,7.96
2961,1048576,77640,27,0.03
2962,1048575,970889,9002,0.93
2963,1048576,828396,58603,7.07
2964,1048576,1025107,562,0.05
2965,1048576,473521,7788,1.64
2966,1048576,282885,14024,4.96
2967,1048576,812069,142131,17.5
2968,1048576,220223,171571,77.91
2969,1048576,793574,59667,7.52
2970,1048576,851849,65312,7.67
2971,1048576,193239,75589,39.12
2972,1048576,372295,372295,100.0
2973,873523,736807,29053,3.94
2974,1048576,655561,154727,23.6
2975,1048576,619536,4858,0.78
2976,1048576,775813,53805,6.94
2977,1048576,1048576,2608,0.25
2978,1048576,144973,10437,7.2
2979,1048576,35912,28005,77.98
2980,1048576,469700,411966,87.71
2981,1048576,344144,1171,0.34
2982,1048576,134105,134105,100.0
2983,1048576,260610,106104,40.71
2984,1048576,736269,92975,12.63
2985,1048576,840704,840704,100.0
2986,1048576,386766,130789,33.82
2987,754439,740748,63032,8.51
2988,1048576,1031418,104572,10.14
2989,1048576,619180,53864,8.7
2990,1048576,51160,46830,91.54
2991,1048576,1016787,7486,0.74
2992,1048576,962958,116043,12.05
2993,1048576,442644,323,0.07
2994,1048576,894700,894700,100.0
2995,1048576,573050,113273,19.77
2996,1048576,739165,719107,97.29
2997,1048576,672808,287731,42.77
2998,1048576,995074,697,0.07
2999,1048576,791077,621514,78.57
3000,1048576,780484,129291,16.57
3001,1048576,453950,40327,8.88
3002,1048576,877463,1095,0.12
3003,1048576,1004599,1004599,100.0
3004,726724,685119,128748,18.79
3005,1048576,69314,69314,100.0
3006,1048576,221864,92520,41.7
3007,1048576,381883,1323,0.35
3008,1048576,528695,4443,0.84
3009,1048576,260100,242785,93.34
3010,1048576,157005,156413,99.62
3011,785525,618140,60701,9.82
3012,1048576,198277,9203,4.64
3013,1048576,226237,602,0.27
3014,991140,676652,128142,18.94
3015,1048576,968579,43598,4.5
3016,1048576,333881,333881,100.0
3017,1048576,225604,2152,0.95
3018,725022,705772,2925,0.41
3019,1048576,432083,11001,2.55
3020,1048576,873222,25532,2.92
3021,1048576,546111,24191,4.43
3022,1048576,879929,22433,2.55
3023,1048576,1023283,19168,1.87
3024,1048576,493729,493729,100.0
3025,1048576,407033,217715,53.49
3026,1048576,134637,3541,2.63
3027,1048576,479604,35108,7.32
3028,1048576,541516,7158,1.32
3029,1048576,876339,63178,7.21
3030,1048576,324812,622,0.19
3031,1048576,1048576,1048576,100.0
3032,1048576,355174,136037,38.3
3033,1048576,249268,500,0.2
3034,1048576,1047742,1792,0.17
3035,1048576,940379,46822,4.98
3036,1048576,978022,15401,1.57
3037,1048576,195460,160272,82.0
3038,1048576,416341,187982,45.15
3039,1048576,503018,9738,1.94
3040,1048576,330193,5678,1.72
3041,1048576,676605,366687,54.2
3042,1048576,48725,15,0.03
3043,1048576,975320,450310,46.17
3044,813258,811883,786299,96.85
3045,1048576,943628,104538,11.08
3046,1048576,870516,870516,100.0
3047,1048576,161475,1538,0.95
3048,1048576,217951,195931,89.9
3049,1048337,447632,243007,54.29
3050,903102,827670,1457,0.18
3051,1048576,414236,389951,94.14
3052,1048576,398358,4795,1.2
3053,1048576,412251,31587,7.66
3054,1047970,715451,1419,0.2
3055,1048576,1036157,630,0.06
3056,697321,655540,55545,8.47
3057,1048576,766253,1845,0.24
3058,1048576,459996,869,0.19
3059,1048576,552741,486475,88.01
3060,695609,695325,298,0.04
3061,1048576,681742,414273,60.77
3062,1048576,261356,212543,81.32
3063,1048576,627273,627273,100.0
3064,1048576,411010,2345,0.57
3065,1048576,242450,206069,84.99
3066,1048576,932178,74391,7.98
3067,1048576,373780,4954,1.33
3068,1048576,134911,5222,3.87
3069,840732,576830,14651,2.54
3070,1048576,212170,212170,100.0
3071,1048576,463226,69797,15.07
3072,1048576,610759,557502,91.28
3073,1048576,942425,79165,8.4
3074,1048576,888769,5637,0.63
3075,1048576,822275,822275,100.0
3076,1048576,157414,25799,16.39
3077,1048576,345555,315527,91.31
3078,1048576,982161,3511,0.36
3079,1048576,676845,347384,51.32
3080,1048576,622309,11790,1.89
3081,1048576,1022281,32923,3.22
3082,1048576,117556,0,0.0
3083,1048576,503786,1168,0.23
3084,1048576,180667,518,0.29
3085,1048576,914474,83117,9.09
3086,1048576,278282,6395,2.3
3087,1048576,605943,605943,100.0
3088,1048576,500124,26160,5.23
3089,1048576,716252,637964,89.07
3090,1048576,821742,25932,3.16
3091,1048576,422450,39433,9.33
3092,1048576,1048028,4949,0.47
3093,1048576,926505,922292,99.55
3094,1048576,958972,22424,2.34
3095,1048576,636008,495794,77.95
3096,697176,415446,30058,7.24
3097,1048576,510167,455484,89.28
3098,1048576,952731,4492,0.47
3099,1048576,627817,1175,0.19
3100,638406,336629,89101,26.47
3101,1048576,792706,675347,85.2
3102,1048576,401958,10870,2.7
3103,1048576,442557,33794,7.64
3104,1048576,934035,1710,0.18
3105,1048576,424605,54649,12.87
3106,1048576,286568,286568,100.0
3107,1048576,884319,873587,98.79
3108,1048576,441258,410280,92.98
3109,1048576,955644,119835,12.54
3110,1048576,893654,110445,12.36
3111,1048576,792627,739409,93.29
3112,1048576,764208,14414,1.89
3113,1048576,668896,228223,34.12
3114,1048576,675899,23819,3.52
3115,1048576,420180,420180,100.0
3116,1048576,812071,74575,9.18
3117,1048576,904124,1641,0.18
3118,1048576,197923,197923,100.0
3119,1048576,540330,8395,1.55
3120,1048576,547723,9782,1.79
3121,1048576,512570,7308,1.43
3122,1048576,799496,130201,16.29
3123,752599,606398,57433,9.47
3124,1048576,443198,3266,0.74
3125,1048576,140141,124,0.09
3126,1048576,403859,403859,100.0
3127,1048576,689675,689675,100.0
3128,1048576,922732,66567,7.21
3129,1048576,900932,54991,6.1
3130,1048576,1040603,1040603,100.0
3131,1048576,968779,61858,6.39
3132,1048576,272613,5611,2.06
3133,1048576,492790,491223,99.68
3134,1048576,79624,30658,38.5
3135,1048576,587299,391,0.07
3136,1048576,369980,36247,9.8
3137,1048576,751521,2431,0.32
3138,1048576,981212,29488,3.01
3139,1048576,57908,50297,86.86
3140,1048576,449429,707,0.16
3141,1048576,833368,167738,20.13
3142,1048576,424261,379,0.09
3143,1048568,949168,84658,8.92
3144,1048576,959391,9703,1.01
3145,1048576,454249,492,0.11
3146,1048576,858590,712005,82.93
3147,1048576,1020996,5955,0.58
3148,1048576,443805,6288,1.42
3149,1048576,970639,24700,2.54
3150,1048576,1011027,10969,1.08
3151,1048576,187194,102926,54.98
3152,1048576,949061,73623,7.76
3153,1047863,375350,63,0.02
3154,1048576,712407,180431,25.33
3155,1048576,987708,240,0.02
3156,1048576,637017,15850,2.49
3157,1048576,277176,27588,9.95
3158,1048576,704968,18012,2.56
3159,1048576,426861,293853,68.84
3160,1048576,1002213,4096,0.41
3161,1048576,330431,21418,6.48
3162,1048576,225083,152165,67.6
3163,1048576,612752,604492,98.65
3164,1048576,488553,10637,2.18
3165,1048576,1041630,3011,0.29
3166,1048576,466859,186111,39.86
3167,1048576,956846,1215,0.13
3168,1048576,646929,371791,57.47
3169,1048576,1039910,678,0.07
3170,1048576,372715,1387,0.37
3171,1048576,813569,617649,75.92
3172,1048488,754142,724694,96.1
3173,1048576,466441,271477,58.2
3174,1048576,900098,25128,2.79
3175,1048576,898188,898188,100.0
3176,1048576,908262,27803,3.06
3177,1048575,1041908,4914,0.47
3178,1048576,624775,1038,0.17
3179,1048576,924824,459220,49.65
3180,1048576,891009,34925,3.92
3181,1048576,375912,2398,0.64
3182,1048576,921881,3905,0.42
3183,1048576,322651,303522,94.07
3184,1048576,419615,588,0.14
3185,1048576,908306,33844,3.73
3186,1048576,542380,271224,50.01
3187,1048576,956616,924673,96.66
3188,1048576,277640,265261,95.54
3189,1048576,872641,74248,8.51
3190,1048576,527675,527675,100.0
3191,1048576,496118,456,0.09
3192,1048576,803595,215431,26.81
3193,1020548,758416,104397,13.77
3194,1048576,789028,1409,0.18
3195,872087,815021,829,0.1
3196,1048576,215863,23281,10.79
3197,1048576,979174,48830,4.99
3198,1048576,340163,70007,20.58
3199,1048576,741464,123033,16.59
3200,1048576,122575,7036,5.74
3201,1048576,904414,61695,6.82
3202,1048576,1002188,34946,3.49
3203,1048576,936392,13942,1.49
3204,1048576,441798,428182,96.92
3205,1048576,917935,9934,1.08
3206,1048576,561179,79463,14.16
3207,1048576,742752,10392,1.4
3208,1048576,249939,6474,2.59
3209,1048576,824522,47892,5.81
3210,1048576,1048576,1048576,100.0
3211,1048576,693937,5088,0.73
3212,1048576,875052,77569,8.86
3213,1048576,371390,243549,65.58
3214,1048576,972462,15448,1.59
3215,1048576,920690,96369,10.47
3216,1048576,540202,528412,97.82
3217,1048576,844946,103178,12.21
3218,1048576,483318,6006,1.24
3219,1048576,266323,161718,60.72
3220,1048576,240598,128699,53.49
3221,1048576,1009028,571,0.06
3222,1048576,590491,21163,3.58
3223,1048576,678821,2386,0.35
3224,1048576,140100,140100,100.0
3225,1048576,170100,107341,63.1
3226,1048576,427495,17719,4.14
3227,1048576,506225,1414,0.28
3228,1048576,814042,28750,3.53
3229,1048576,426033,232171,54.5
3230,1048576,193075,11041,5.72
3231,1048576,570919,62841,11.01
3232,1048576,841026,178792,21.26
3233,1048576,700396,152807,21.82
3234,1048576,837668,209490,25.01
3235,1048576,124291,7500,6.03
3236,1048576,413611,6775,1.64
3237,1048576,826947,14149,1.71
3238,1048576,793689,120178,15.14
3239,1048576,322691,2466,0.76
3240,1048576,873,873,100.0
3241,1048576,519028,405303,78.09
3242,1048576,1030660,1411,0.14
3243,1048576,621210,1876,0.3
3244,1048576,103031,4972,4.83
3245,1048576,997297,997297,100.0
3246,1048576,57051,53652,94.04
3247,1048576,710267,644248,90.71
3248,1048576,236671,64935,27.44
3249,1048547,942430,14616,1.55
3250,1048576,323738,186291,57.54
3251,1048576,674289,587,0.09
3252,1048576,953730,3981,0.42
3253,1048576,204136,12493,6.12
3254,1048576,523545,347804,66.43
3255,1048576,183881,183881,100.0
3256,1048576,305757,27077,8.86
3257,1048576,834678,79919,9.57
3258,1048576,716935,716935,100.0
3259,1048576,485455,22387,4.61
3260,1048576,755921,673750,89.13
3261,1048576,1018635,25755,2.53
3262,1048496,269954,172869,64.04
3263,814734,718648,1312,0.18
3264,1048576,193184,193184,100.0
3265,1048576,651045,647617,99.47
3266,1048576,109525,15138,13.82
3267,1048576,963500,1436,0.15
3268,1048576,461468,448678,97.23
3269,1048576,429389,19837,4.62
3270,1048576,873003,873003,100.0
3271,1048576,171946,15434,8.98
3272,1048576,902474,52523,5.82
3273,1048576,516541,516541,100.0
3274,1048576,902271,54632,6.05
3275,1048576,701882,77241,11.0
3276,1048576,105679,87510,82.81
3277,1048576,528185,873,0.17
3278,1048485,285024,6000,2.11
3279,1048576,907731,30245,3.33
3280,1048576,156030,7729,4.95
3281,987621,643587,14255,2.21
3282,1048576,864102,83389,9.65
3283,1048576,854853,803327,93.97
3284,1048576,451592,373579,82.72
3285,1048576,1026548,686,0.07
3286,1048576,912435,71134,7.8
3287,1048576,303992,715,0.24
3288,1048576,694031,4120,0.59
3289,1048576,878511,26602,3.03
3290,1048576,719175,23115,3.21
3291,1048576,399944,373260,93.33
3292,1048576,883548,240797,27.25
3293,1048576,778133,3780,0.49
3294,1048576,205542,763,0.37
3295,1048576,741124,741124,100.0
3296,1048576,221555,370,0.17
3297,1048576,733296,118527,16.16
3298,1048576,758952,747231,98.46
3299,811353,635406,22111,3.48
3300,1048576,415990,17974,4.32
3301,1048576,629603,84306,13.39
3302,1048576,452111,3588,0.79
3303,635084,528550,109551,20.73
3304,1048576,888183,90165,10.15
3305,1048576,145017,54683,37.71
3306,1048576,326781,282,0.09
3307,1048576,726800,722444,99.4
3308,1048576,418757,211668,50.55
3309,1048576,44154,10639,24.1
3310,1048576,1006252,47,0.0
3311,756127,600616,83435,13.89
3312,1048576,620033,19822,3.2
3313,1048576,264106,54608,20.68
3314,1048576,751933,613635,81.61
3315,1048576,547639,181,0.03
3316,1048576,794479,62246,7.83
3317,1048576,848623,82147,9.68
3318,1048576,527105,14423,2.74
3319,1048576,618421,10718,1.73
3320,1048576,877088,285109,32.51
3321,1048576,397699,396114,99.6
3322,1048576,265317,295,0.11
3323,1048576,948687,414,0.04
3324,1048576,552057,7379,1.34
3325,1048576,129465,775,0.6
3326,1048576,184809,792,0.43
3327,1048576,226984,424,0.19
3328,1048576,802859,37696,4.7
3329,1048576,509992,4473,0.88
3330,1048576,1000903,1000903,100.0
3331,1048576,943412,29059,3.08
3332,1048576,505529,376440,74.46
3333,1048576,299571,432,0.14
3334,1048576,226997,182976,80.61
3335,1048576,485864,292786,60.26
3336,1048576,760953,119183,15.66
3337,1048576,164356,42221,25.69
3338,1048576,148477,148474,100.0
3339,1048576,330771,264394,79.93
3340,1048576,348784,441,0.13
3341,1048576,472045,384849,81.53
3342,1048576,609826,24710,4.05
3343,1048576,329380,1066,0.32
3344,1048371,656012,1592,0.24
3345,1048576,217412,18322,8.43
3346,1048576,156735,94878,60.53
3347,604373,368310,134995,36.65
3348,783848,783784,783784,100.0
3349,1048576,225512,508,0.23
3350,1048576,629514,573637,91.12
3351,1048576,675780,145374,21.51
3352,1048576,94933,1931,2.03
3353,1048576,266781,5044,1.89
3354,1048576,969499,5189,0.54
3355,1048576,324816,6390,1.97
3356,1048576,1032052,11392,1.1
3357,1016994,762089,18035,2.37
3358,1048576,825437,159564,19.33
3359,1048576,252039,28868,11.45
3360,1048576,388266,55451,14.28
3361,1048576,836362,34335,4.11
3362,1048576,62222,5802,9.32
3363,1048576,499245,2147,0.43
3364,1048576,1041310,405,0.04
3365,1048576,657515,312,0.05
3366,1048487,335366,9062,2.7
3367,1048576,847019,17991,2.12
3368,1048576,838497,65408,7.8
3369,1048576,682331,398007,58.33
3370,1048576,767171,767171,100.0
3371,1048576,456102,40689,8.92
3372,1048576,699447,9225,1.32
3373,1048576,7457,7457,100.0
3374,1048576,970453,42187,4.35
3375,1048576,671998,671998,100.0
3376,1048576,621617,165486,26.62
3377,1048576,310130,91768,29.59
3378,1048576,955153,942000,98.62
3379,785340,687591,39,0.01
3380,1048576,244634,244076,99.77
3381,1048576,360873,26902,7.45
3382,636789,358089,101176,28.25
3383,1048576,978852,899,0.09
3384,1048576,554138,4393,0.79
3385,1048576,332987,332987,100.0
3386,1048576,815213,80905,9.92
3387,1048576,363758,4997,1.37
3388,1048576,1048576,1475,0.14
3389,1048576,458526,40756,8.89
3390,1048576,292280,141,0.05
3391,755945,663617,153,0.02
3392,1048576,986575,12783,1.3
3393,1048576,477155,434751,91.11
3394,1048576,424591,7622,1.8
3395,1048576,310497,46307,14.91
3396,1048576,737453,150468,20.4
3397,1048576,960189,10307,1.07
3398,1048576,1036988,465,0.04
3399,1048576,1048576,6611,0.63
3400,1048576,126797,522,0.41
3401,1048576,805853,124370,15.43
3402,1048576,280593,278499,99.25
3403,1048576,636485,85952,13.5
3404,1048576,641914,14137,2.2
3405,1048576,568149,1562,0.27
3406,1048576,630319,90165,14.3
3407,1048576,182348,770,0.42
3408,1048576,177825,80551,45.3
3409,1048576,383739,867,0.23
3410,1048576,719854,677617,94.13
3411,1048576,1023207,1792,0.18
3412,1048576,739220,586571,79.35
3413,1048576,337238,271848,80.61
3414,1048576,917704,917704,100.0
3415,1048576,961707,2036,0.21
3416,1048576,572112,137624,24.06
3417,1048576,976135,125454,12.85
3418,1048576,228637,170948,74.77
3419,1048576,171534,1650,0.96
3420,1048576,654530,281,0.04
3421,1048576,725132,393,0.05
3422,1048576,1019228,242,0.02
3423,1048576,758981,738601,97.31
3424,1048576,1038444,131,0.01
3425,1048576,560869,429221,76.53
3426,1048576,1033666,44037,4.26
3427,605709,503434,68016,13.51
3428,1048576,390070,33445,8.57
3429,1048576,630959,630959,100.0
3430,1048576,764141,26100,3.42
3431,1048576,870925,870925,100.0
3432,1048576,1045164,1044053,99.89
3433,989738,575080,58498,10.17
3434,1048496,584311,573555,98.16
3435,1048576,1020330,804,0.08
3436,1048576,880633,119069,13.52
3437,1048576,388215,320537,82.57
3438,1048576,0,0,0.0
3439,1048576,300731,78,0.03
3440,1048576,335094,16889,5.04
3441,1048576,190903,190903,100.0
3442,1048576,768557,1178,0.15
3443,1048576,713583,82055,11.5
3444,1048576,368985,16974,4.6
3445,928863,756333,5211,0.69
3446,1048576,165624,33,0.02
3447,1048576,808282,56305,6.97
3448,1048576,454161,2247,0.49
3449,1048576,198156,36973,18.66
3450,1048576,771995,22188,2.87
3451,1048576,914904,21024,2.3
3452,1048576,935553,839234,89.7
3453,781978,637717,646,0.1
3454,1048576,180164,140337,77.89
3455,1048576,1039517,1914,0.18
3456,1048576,85221,35111,41.2
3457,1048576,1017970,3078,0.3
3458,1048576,631971,446018,70.58
3459,1048576,652306,652306,100.0
3460,1048576,289882,1100,0.38
3461,1048576,766108,672167,87.74
3462,1048576,703587,662284,94.13
3463,1048576,429283,6177,1.44
3464,1048576,60783,2790,4.59
3465,1048576,224005,120509,53.8
3466,1048576,534449,702,0.13
3467,1048576,1044162,1146,0.11
3468,1048576,151895,8307,5.47
3469,1048576,379607,10663,2.81
3470,1048576,65086,65086,100.0
3471,1048576,994070,8177,0.82
3472,1048576,1014307,1331,0.13
3473,1048576,207053,206323,99.65
3474,1048576,546986,42613,7.79
3475,1048576,716683,16261,2.27
3476,1048576,667176,570589,85.52
3477,1048576,213260,3168,1.49
3478,1048576,946767,99205,10.48
3479,517574,413560,36161,8.74
3480,1048576,1048,1048,100.0
3481,1048576,115101,115101,100.0
3482,1048576,1010862,9248,0.91
3483,902927,818014,43652,5.34
3484,546950,534518,159,0.03
3485,1048576,488983,40672,8.32
3486,1048576,491583,12531,2.55
3487,1048576,231623,231623,100.0
3488,1048576,950795,65139,6.85
3489,1048576,532125,524003,98.47
3490,1048576,699719,551647,78.84
3491,1048576,918299,47253,5.15
3492,1048576,153743,62234,40.48
3493,1048576,353258,18957,5.37
3494,1048576,967427,53956,5.58
3495,1048576,382532,25908,6.77
3496,519138,488468,1876,0.38
3497,1048576,345606,797,0.23
3498,1048576,1047744,1223,0.12
3499,1048576,832903,102811,12.34
3500,1048576,896794,55488,6.19
3501,1048576,293240,293240,100.0
3502,1048576,386402,4507,1.17
3503,1048576,804309,59862,7.44
3504,1048576,808253,94641,11.71
3505,1048576,117547,78427,66.72
3506,1048576,1042474,283,0.03
3507,1048576,219010,38300,17.49
3508,1048576,213221,5692,2.67
3509,1048576,488513,413674,84.68
3510,1048576,605732,30857,5.09
3511,1048576,376591,13323,3.54
3512,1048576,184497,173252,93.91
3513,1048576,1005589,1002763,99.72
3514,1048576,1029502,14758,1.43
3515,1048576,658253,147381,22.39
3516,1048576,545150,161194,29.57
3517,1048576,954278,77896,8.16
3518,490557,228751,34343,15.01
3519,1048576,1048576,1048576,100.0
3520,933223,787016,28810,3.66
3521,1048576,917174,10519,1.15
3522,1048576,604403,43276,7.16
3523,1048576,928657,98081,10.56
3524,1048576,878800,86396,9.83
3525,901257,770879,12897,1.67
3526,1048576,854166,74613,8.74
3527,843249,411916,42892,10.41
3528,1048576,898581,312898,34.82
3529,1048576,755281,18868,2.5
3530,1048576,517250,129850,25.1
3531,783576,689927,43633,6.32
3532,1048576,661907,110631,16.71
3533,1048576,618267,205019,33.16
3534,1048576,607400,65939,10.86
3535,1048576,616982,122820,19.91
3536,1048576,1025295,10283,1.0
3537,1048576,860572,84886,9.86
3538,801626,554537,21255,3.83
3539,1048576,967818,183355,18.95
3540,1048576,836114,23580,2.82
3541,1048576,965916,46738,4.84
3542,1048576,605441,74190,12.25
3543,1048576,773873,54331,7.02
3544,859633,425430,44441,10.45
3545,1048576,500868,60312,12.04
3546,1048576,998735,324,0.03
3547,1048576,1009779,2080,0.21
3548,1048576,731944,87519,11.96
3549,1048576,758297,107062,14.12
3550,1048576,602512,69651,11.56
3551,1048576,770780,156551,20.31
3552,933703,482972,63713,13.19
3553,1048576,971583,117977,12.14
3554,1048576,801399,38125,4.76
3555,1048576,566605,130549,23.04
3556,1048576,985615,26708,2.71
3557,902491,819136,54743,6.68
3558,1048576,622212,22122,3.56
3559,1048576,909643,196557,21.61
3560,1048576,902599,22787,2.52
3561,1048576,593864,110581,18.62
3562,1048576,1048233,364,0.03
3563,1048576,686459,29843,4.35
3564,1048576,615864,48340,7.85
3565,1048576,702793,84153,11.97
3566,1048576,547093,63662,11.64
3567,1048576,1033958,144356,13.96
3568,1048576,869215,840,0.1
3569,1048576,890625,2350,0.26
3570,1048576,484404,4605,0.95
3571,725499,688228,79711,11.58
3572,1048576,871092,64410,7.39
3573,743613,620799,1229,0.2
3574,1048576,857528,181382,21.15
3575,1048576,909676,113504,12.48
3576,1048576,480331,64769,13.48
3577,1048576,947249,68717,7.25
3578,1048576,743526,179903,24.2
3579,1048576,664338,52849,7.96
3580,1048576,908824,1869,0.21
3581,1015894,666724,51399,7.71
3582,1048576,434878,11807,2.72
3583,1048576,614247,199647,32.5
3584,1048576,523688,140225,26.78
3585,1048576,320965,34139,10.64
3586,1048576,684468,3932,0.57
3587,1048576,942135,91967,9.76
3588,1048576,466914,24930,5.34
3589,1048576,1032398,73739,7.14
3590,1048576,746022,80113,10.74
3591,1048576,427022,82832,19.4
3592,1048576,971733,4095,0.42
3593,1048576,936504,31329,3.35
3594,1048576,588296,12816,2.18
3595,1048576,659833,181817,27.56
3596,1048576,925577,18603,2.01
3597,495195,239696,42099,17.56
3598,664582,489348,38125,7.79
3599,1048576,1006262,5156,0.51
3600,1048576,1048576,1048576,100.0
3601,1048576,883397,115659,13.09
3602,1048576,574177,78501,13.67
3603,931518,901474,3418,0.38
3604,1048576,909947,17669,1.94
3605,1048576,886753,62640,7.06
3606,988270,716047,77759,10.86
3607,1048576,1025229,9508,0.93
3608,1048576,995112,149890,15.06
3609,1048576,618673,82249,13.29
3610,1048576,1022815,11904,1.16
3611,1048576,923305,136264,14.76
3612,1048576,1020938,772,0.08
3613,1048576,824262,10934,1.33
3614,1048576,757629,59840,7.9
3615,698228,673610,2568,0.38
3616,1048576,888387,41294,4.65
3617,1048576,1025798,27785,2.71
3618,904670,543891,24947,4.59
3619,1048576,1035658,100267,9.68
3620,730074,416395,76300,18.32
3621,685606,572891,627,0.11
3622,1048576,665773,73475,11.04
3623,1048576,1048576,1048576,100.0
3624,1048576,689746,82663,11.98
3625,1048576,655356,34458,5.26
3626,1048576,947341,39359,4.15
3627,1048576,706649,22274,3.15
3628,1048576,574039,49417,8.61
3629,1048576,963306,47419,4.92
3630,1048576,524019,56031,10.69
3631,1048576,1025527,35145,3.43
3632,1048576,1008578,16180,1.6
3633,1018562,929379,3310,0.36
3634,714612,688538,1719,0.25
3635,551260,545243,97635,17.91
3636,1048576,628053,37831,6.02
3637,1048576,976565,5156,0.53
3638,1048576,831769,49931,6.0
3639,1048576,1048575,224577,21.42
3640,899740,651123,78229,12.01
3641,1048576,472610,112475,23.8
3642,1048576,704355,63644,9.04
3643,1048576,540491,46972,8.69
3644,1048576,800650,91759,11.46
3645,1048576,643391,110241,17.13
3646,699297,653521,108952,16.67
3647,1048576,814031,64503,7.92
3648,1048576,907475,45231,4.98
3649,1048576,921233,22522,2.44
3650,1048576,599379,84456,14.09
3651,772620,508377,8418,1.66
3652,1048576,807427,17591,2.18
3653,1048576,511080,48473,9.48
3654,672522,560238,2123,0.38
3655,1048576,1046463,2938,0.28
3656,1048576,898192,14459,1.61
3657,1048576,449808,43447,9.66
3658,1048576,846124,140424,16.6
3659,904211,859634,455,0.05
3660,1048576,700875,19809,2.83
3661,1048576,499990,23763,4.75
3662,1048576,536557,141348,26.34
3663,1048576,648672,91905,14.17
3664,1048576,845529,71617,8.47
3665,1048576,418929,14758,3.52
3666,1048576,832249,59137,7.11
3667,1048576,406186,38564,9.49
3668,1048576,362718,110228,30.39
3669,1048576,535374,100810,18.83
3670,1048576,1010487,34681,3.43
3671,1048576,638022,61221,9.6
3672,580307,537176,67061,12.48
3673,1048576,587825,66341,11.29
3674,1048576,532730,95430,17.91
3675,1048576,664203,47272,7.12
3676,1048576,831149,44791,5.39
3677,1048576,936314,189773,20.27
3678,1048576,565547,60243,10.65
3679,1048576,844443,85739,10.15
3680,1048576,716097,3818,0.53
3681,1048576,268666,44781,16.67
3682,1048576,701114,84359,12.03
3683,1048576,1008018,52408,5.2
3684,1048576,997718,18821,1.89
3685,1048576,936800,335967,35.86
3686,1048576,913514,86458,9.46
3687,611214,518645,86660,16.71
3688,1048576,1027455,79967,7.78
3689,1048576,502636,4487,0.89
3690,1048576,667151,76304,11.44
3691,1048576,765292,85060,11.11
3692,1048576,619251,116892,18.88
3693,1048576,555819,70925,12.76
3694,1048576,948388,80445,8.48
3695,1048576,739724,33879,4.58
3696,888640,480953,37625,7.82
3697,872256,469975,36886,7.85
3698,1048576,783754,49926,6.37
3699,1048576,465715,216014,46.38
3700,1048576,963829,34807,3.61
3701,1048576,623323,132986,21.34
3702,930262,650921,18973,2.91
3703,1048576,534936,131985,24.67
3704,1048576,384467,57950,15.07
3705,553200,552364,43141,7.81
3706,1048576,927891,24214,2.61
3707,1048576,1020483,5602,0.55
3708,1048576,855027,1238,0.14
3709,1048576,818812,131255,16.03
3710,609195,449154,36854,8.21
3711,1048576,625613,175988,28.13
3712,1048576,526944,53902,10.23
3713,1048576,950661,93555,9.84
3714,1048576,919527,6745,0.73
3715,1048576,556712,38220,6.87
3716,728327,496245,122071,24.6
3717,1048576,1048576,1048576,100.0
3718,1048576,948411,18034,1.9
3719,1048576,852025,44912,5.27
3720,1048576,898644,317467,35.33
3721,1048576,460029,63258,13.75
3722,669222,564060,1541,0.27
3723,1048576,969442,12512,1.29
3724,1048576,597424,59533,9.96
3725,1048576,627453,102376,16.32
3726,1048576,880738,105024,11.92
3727,1048576,930219,7412,0.8
3728,1048576,905717,100223,11.07
3729,1048576,711534,97447,13.7
3730,1048576,813604,79621,9.79
3731,1048576,978028,4089,0.42
3732,1048576,490541,68750,14.02
3733,1048576,638836,99245,15.54
3734,1048576,1047780,649,0.06
3735,1048576,1048576,479364,45.72
3736,1048576,822711,141294,17.17
3737,1048576,639872,195532,30.56
3738,1048576,668620,134540,20.12
3739,1048576,1047999,291,0.03
3740,1048576,657425,40440,6.15
3741,1048576,595678,30394,5.1
3742,959269,502500,21078,4.19
3743,1048576,812398,72857,8.97
3744,1048576,1021353,9436,0.92
3745,756236,496994,7161,1.44
3746,1048576,703039,106101,15.09
3747,1048576,463243,48819,10.54
3748,1048576,684058,24451,3.57
3749,1048576,950090,36891,3.88
3750,1048576,587231,57631,9.81
3751,1048576,1048576,1048576,100.0
3752,814244,802568,76,0.01
3753,1048576,763247,60128,7.88
3754,1048576,856253,96009,11.21
3755,1048576,1038823,20598,1.98
3756,1048576,566446,82540,14.57
3757,1048576,945414,2017,0.21
3758,1048576,856460,7643,0.89
3759,1048576,868782,95606,11.0
3760,1048576,709148,92644,13.06
3761,1048576,829932,20750,2.5
3762,1048576,857379,62819,7.33
3763,812620,749530,140872,18.79
3764,1048576,995977,5129,0.51
3765,1048576,934853,207190,22.16
3766,1048576,851695,53383,6.27
3767,1048576,851088,131576,15.46
3768,1048576,701455,92096,13.13
3769,1048576,968000,7097,0.73
3770,1048576,615529,60798,9.88
3771,1048576,782563,62824,8.03
3772,1048576,476086,135141,28.39
3773,1048576,997405,18419,1.85
3774,1048576,941252,202115,21.47
3775,1048576,545580,56537,10.36
3776,1048576,704860,35917,5.1
3777,1048576,605413,48958,8.09
3778,991766,698643,15869,2.27
3779,1048576,530794,42504,8.01
3780,667423,340337,151053,44.38
3781,1048576,912953,88896,9.74
3782,1048576,761948,47221,6.2
3783,1048576,521283,137793,26.43
3784,672007,454215,109524,24.11
3785,522225,483413,79579,16.46
3786,1048576,581744,30512,5.24
3787,1048576,975222,274,0.03
3788,1048576,747071,45344,6.07
3789,1048576,598801,52906,8.84
3790,1048576,944115,111456,11.81
3791,1048576,1014936,34868,3.44
3792,1048576,913924,17791,1.95
3793,1048576,858695,655,0.08
3794,727229,612573,1238,0.2
3795,1048576,542555,30596,5.64
3796,1048576,812879,79006,9.72
3797,757366,609754,68490,11.23
3798,1048576,602617,95175,15.79
3799,1048576,835467,23943,2.87
3800,1048576,531447,163447,30.76
3801,1048576,801125,28952,3.61
3802,730542,493783,85520,17.32
3803,1048576,1015793,8336,0.82
3804,1048576,516966,49631,9.6
3805,1048576,988850,2016,0.2
3806,1048576,757140,152519,20.14
3807,1048576,1026973,4690,0.46
3808,1048576,795612,19673,2.47
3809,1048576,706601,167761,23.74
3810,1048576,734460,113391,15.44
3811,1048576,764423,58297,7.63
3812,1048576,935425,4493,0.48
3813,1048576,915088,71622,7.83
3814,841658,635500,321260,50.55
3815,1048576,900421,140291,15.58
3816,1048576,794007,220509,27.77
3817,1048576,511040,47788,9.35
3818,1048576,941810,10834,1.15
3819,928776,876819,114197,13.02
3820,1048576,1006204,67088,6.67
3821,1048576,1000693,494,0.05
3822,1048576,789893,1707,0.22
3823,1048576,795705,84358,10.6
3824,1048576,731730,35159,4.8
3825,1048576,904179,181404,20.06
3826,540584,466842,119940,25.69
3827,1048576,854531,35085,4.11
3828,1048576,614693,105725,17.2
3829,1048576,860629,12135,1.41
3830,1048576,1028792,19716,1.92
3831,1048576,446885,43963,9.84
3832,1048576,876080,52016,5.94
3833,1048576,770162,225681,29.3
3834,1048576,829268,124879,15.06
3835,960531,907719,317,0.03
3836,1048576,1021226,44607,4.37
3837,1048576,403554,3858,0.96
3838,1048576,941108,1713,0.18
3839,1048576,1012127,30401,3.0
3840,1048576,597671,95446,15.97
3841,1048576,469109,28279,6.03
3842,1048576,907071,21920,2.42
3843,1048576,873654,133615,15.29
3844,1048576,813785,147456,18.12
3845,1048576,832716,99681,11.97
3846,1048576,483727,61266,12.67
3847,1048576,893437,28020,3.14
3848,1048576,584811,195745,33.47
3849,1048576,879489,2671,0.3
3850,1048576,997166,13350,1.34
3851,1048576,1048576,1048576,100.0
3852,1048576,540984,99270,18.35
3853,1048576,875844,64283,7.34
3854,1048576,714203,89376,12.51
3855,1048576,682072,109163,16.0
3856,1048576,601769,335945,55.83
3857,1048576,1048576,1048576,100.0
3858,1048576,916256,41709,4.55
3859,1048576,267981,50367,18.79
3860,1048576,1007012,42632,4.23
3861,1048576,699067,34792,4.98
3862,1048576,538339,52244,9.7
3863,1048576,562210,45254,8.05
3864,1048576,893460,14305,1.6
3865,1048576,725590,55663,7.67
3866,1048576,997507,13245,1.33
3867,1048576,841738,145880,17.33
3868,490163,264119,69169,26.19
3869,1048576,624995,160325,25.65
3870,1048576,908469,99347,10.94
3871,1048576,911216,6286,0.69
3872,1048576,534177,66605,12.47
3873,1048576,871765,25432,2.92
3874,1048576,939888,77593,8.26
3875,1048576,727066,10777,1.48
3876,1048576,982021,20442,2.08
3877,1048576,1048576,1048576,100.0
3878,1048576,1029495,858,0.08
3879,1048576,444357,54431,12.25
3880,1048576,964336,7573,0.79
3881,1048576,412113,107377,26.06
3882,1048576,850992,145175,17.06
3883,1048576,514149,54173,10.54
3884,1048576,688204,90910,13.21
3885,1048576,927245,110166,11.88
3886,1048576,711808,117851,16.56
3887,569584,568728,45734,8.04
3888,917641,785452,13331,1.7
3889,1048576,904081,56391,6.24
3890,1048576,443772,40565,9.14
3891,1048576,990089,36990,3.74
3892,1048576,970088,562089,57.94
3893,1048576,637318,106401,16.7
3894,1048576,633481,70385,11.11
3895,1048576,1017015,10586,1.04
3896,1048576,1042376,30740,2.95
3897,1048576,627900,43774,6.97
3898,1048576,933455,91739,9.83
3899,1048576,700765,37645,5.37
3900,1048576,1048576,1047300,99.88
3901,1048576,885525,76089,8.59
3902,870694,589470,69999,11.87
3903,656600,505589,12138,2.4
3904,1048576,991371,67923,6.85
3905,1048576,1037580,3533,0.34
3906,957814,736105,60820,8.26
3907,875643,578400,65033,11.24
3908,1048576,728185,23726,3.26
3909,1048576,819295,137856,16.83
3910,1048576,932518,36392,3.9
3911,1048576,479944,13571,2.83
3912,1048576,496329,142624,28.74
3913,1048576,770044,64298,8.35
3914,1048576,992584,713,0.07
3915,1048576,591934,39350,6.65
3916,1048576,558250,42524,7.62
3917,788577,661639,45537,6.88
3918,1048576,541129,39655,7.33
3919,1048576,732185,42110,5.75
3920,1048576,811663,59943,7.39
3921,1048576,870552,122139,14.03
3922,1048576,927733,2361,0.25
3923,815420,599082,32887,5.49
3924,1048576,698969,22040,3.15
3925,1033659,906422,24270,2.68
3926,1048576,509261,69738,13.69
3927,1048576,470650,109738,23.32
3928,1048576,968746,20704,2.14
3929,1048576,903162,54982,6.09
3930,986860,817995,141292,17.27
3931,701046,562920,68271,12.13
3932,1017275,891673,33121,3.71
3933,1048576,892240,228522,25.61
3934,1048576,709685,51015,7.19
3935,1048576,377044,108741,28.84
3936,696458,469437,187396,39.92
3937,1048576,960227,55969,5.83
3938,1020254,431831,96849,22.43
3939,785242,540422,21170,3.92
3940,1048576,655924,52276,7.97
3941,1048576,898372,2365,0.26
3942,1048576,485458,14080,2.9
3943,1044430,592686,31762,5.36
3944,1048576,857860,115320,13.44
3945,1048576,1021637,24427,2.39
3946,1048576,894810,12710,1.42
3947,1048576,875276,106825,12.2
3948,1048576,677813,19091,2.82
3949,1048576,918062,52127,5.68
3950,1048576,532252,69506,13.06
3951,598592,596216,3520,0.59
3952,1048576,521163,49097,9.42
3953,1048576,523276,64011,12.23
3954,1048576,661060,234033,35.4
3955,1048576,1004396,7559,0.75
3956,627598,532565,80995,15.21
3957,1048576,986323,46556,4.72
3958,1048576,559797,27472,4.91
3959,1048576,872936,111620,12.79
3960,759100,543011,30656,5.65
3961,846171,764753,106623,13.94
3962,1048576,956798,43051,4.5
3963,1048576,463076,44023,9.51
3964,1048576,849283,138603,16.32
3965,1048576,427889,21442,5.01
3966,1004654,731131,57451,7.86
3967,1048576,944438,34871,3.69
3968,1048576,733444,221362,30.18
3969,1048576,1017071,86148,8.47
3970,643510,520401,29342,5.64
3971,1048576,874757,17080,1.95
3972,1048576,770127,263705,34.24
3973,1048576,849652,100109,11.78
3974,1048576,786974,198689,25.25
3975,640216,489251,3702,0.76
3976,1048576,842545,34790,4.13
3977,1048576,560617,87120,15.54
3978,1048576,913205,35396,3.88
3979,1048576,587297,28495,4.85
3980,1048576,706557,47049,6.66
3981,1048576,805046,200223,24.87
3982,1048576,1018034,274866,27.0
3983,1048576,835091,153226,18.35
3984,1048576,875871,190449,21.74
3985,1048576,982614,55392,5.64
3986,1048576,849335,87432,10.29
3987,1048576,970005,83090,8.57
3988,1048576,908935,182914,20.12
3989,1048576,298066,33894,11.37
3990,1048576,927322,47938,5.17
3991,1048576,505836,90630,17.92
3992,1048576,632033,122982,19.46
3993,1048576,364966,11350,3.11
3994,1048576,1014267,13666,1.35
3995,1048576,990274,2553,0.26
3996,991250,566510,38780,6.85
3997,1048576,524556,79403,15.14
3998,1048576,779723,54055,6.93
3999,1048576,1018669,337752,33.16
4000,1048576,663659,110112,16.59
4001,1048576,996420,11395,1.14
4002,1048576,1032673,1568,0.15
4003,1048576,751596,87677,11.67
4004,1048576,925542,71242,7.7
4005,1048576,569402,49417,8.68
4006,1048576,726525,28399,3.91
4007,873473,787546,15235,1.93
4008,1048576,998063,12058,1.21
4009,1048576,1044354,11115,1.06
4010,1048576,664568,8285,1.25
4011,1048576,931346,15944,1.71
4012,1048576,710270,124440,17.52
4013,1048576,724720,67882,9.37
4014,1048576,1019865,110203,10.81
4015,1048576,894701,39265,4.39
4016,962242,874626,3589,0.41
4017,1048576,531398,59132,11.13
4018,1048576,777013,60149,7.74
4019,1048576,926060,73023,7.89
4020,1048576,733312,141859,19.34
4021,1048576,840289,33327,3.97
4022,1048576,769117,69845,9.08
4023,1048576,970060,33332,3.44
4024,1048576,912175,78130,8.57
4025,1048576,976181,40198,4.12
4026,1048576,824130,102251,12.41
4027,946646,665212,15978,2.4
4028,1048576,877689,3742,0.43
4029,1048576,668357,163737,24.5
4030,1048576,781313,21931,2.81
4031,1048576,861758,61131,7.09
4032,1048576,13096,13,0.1
4033,1048576,793239,67549,8.52
4034,1048576,883162,65637,7.43
4035,1048576,938974,349117,37.18
4036,1048576,791745,12152,1.53
4037,1048576,648705,35144,5.42
4038,788132,622797,40276,6.47
4039,1048576,494256,42249,8.55
4040,1048576,724885,99715,13.76
4041,1048576,829883,23386,2.82
4042,1048576,468803,39204,8.36
4043,1048576,737093,36371,4.93
4044,1048576,1041278,1040209,99.9
4045,1048576,912416,17585,1.93
4046,1048576,911694,14371,1.58
4047,1048576,676014,70314,10.4
4048,1048576,590759,68283,11.56
4049,1048576,588710,71646,12.17
4050,1048576,1027468,22167,2.16
4051,1048576,797888,17985,2.25
4052,1048576,616869,786,0.13
4053,1048576,875968,58350,6.66
4054,1048576,812058,1990,0.25
4055,1048576,835813,36425,4.36
4056,1048576,521464,97504,18.7
4057,1048576,519046,73503,14.16
4058,1048576,596018,113666,19.07
4059,1048576,639864,76494,11.95
4060,1048576,475410,35283,7.42
4061,1048576,1018686,7531,0.74
4062,1048576,894535,22967,2.57
4063,1048576,975828,32680,3.35
4064,1048576,524088,54323,10.37
4065,846623,571256,117613,20.59
4066,1048576,921469,98484,10.69
4067,1048576,863443,46301,5.36
4068,1048576,668898,79340,11.86
4069,1048576,552085,65082,11.79
4070,1048576,327583,98426,30.05
4071,754540,618052,110301,17.85
4072,1048576,549376,58649,10.68
4073,1048576,913122,59815,6.55
4074,817153,735095,11576,1.57
4075,1048576,906951,3888,0.43
4076,1048576,854409,252747,29.58
4077,1048576,936238,24936,2.66
4078,1048576,534829,57879,10.82
4079,614504,501933,50365,10.03
4080,759563,607529,45492,7.49
4081,1048576,1048576,1048576,100.0
4082,1048576,960239,60046,6.25
4083,1048576,873066,96138,11.01
4084,1048576,926631,83518,9.01
4085,1048576,672452,20421,3.04
4086,1048576,929799,3246,0.35
4087,1048576,1040054,8971,0.86
4088,609194,496832,46089,9.28
4089,1048576,630198,68333,10.84
4090,1048576,1001830,49946,4.99
4091,1048576,583008,57535,9.87
4092,786394,451075,82028,18.19
4093,642977,603539,86431,14.32
4094,1048576,890297,63150,7.09
4095,1048576,863745,127756,14.79
4096,1048576,795548,10642,1.34
4097,1048576,856383,355941,41.56
4098,1048576,468354,62436,13.33
4099,1048576,484212,21013,4.34
4100,1048576,531353,58476,11.01
4101,1048576,564792,80368,14.23
4102,1048576,844402,69268,8.2
4103,1048576,914718,53041,5.8
4104,975653,510360,38001,7.45
4105,1048576,639820,217234,33.95
4106,1048576,1026072,423,0.04
4107,1048576,651132,28041,4.31
4108,1048576,775372,55928,7.21
4109,1048576,617221,60766,9.85
4110,1048576,531323,123277,23.2
4111,1048576,1044680,1694,0.16
4112,1048576,572829,106259,18.55
4113,1048576,519682,50602,9.74
4114,1048576,967954,132438,13.68
4115,1048576,802469,66478,8.28
4116,817596,525728,100309,19.08
4117,1048576,578158,76480,13.23
4118,1048576,972786,4208,0.43
4119,1048576,929612,158,0.02
4120,1048576,894860,243838,27.25
4121,1048576,674809,80193,11.88
4122,1048576,399922,39241,9.81
4123,1048576,989741,4213,0.43
4124,1048576,544547,34028,6.25
4125,1048576,437365,61731,14.11
4126,1048576,831671,74682,8.98
4127,1048576,604714,24782,4.1
4128,1048576,1009437,3339,0.33
4129,1048576,728415,69572,9.55
4130,1048576,1009759,42289,4.19
4131,701530,546350,110225,20.17
4132,1048576,570194,99244,17.41
4133,1048576,882473,81137,9.19
4134,1048576,549776,41934,7.63
4135,1048576,983655,25037,2.55
4136,1048576,980876,32720,3.34
4137,1048576,813933,233259,28.66
4138,1048576,812072,108295,13.34
4139,1048576,916835,55773,6.08
4140,1048576,924578,19980,2.16
4141,1048576,786792,22277,2.83
4142,506733,239650,34264,14.3
4143,1048576,911361,3019,0.33
4144,1048576,739328,15114,2.04
4145,962730,820747,43687,5.32
4146,1048576,894846,91830,10.26
4147,875198,851539,3892,0.46
4148,1048576,415673,77173,18.57
4149,1048576,547771,70474,12.87
4150,1048576,504141,89036,17.66
4151,1048576,676039,70541,10.43
4152,1048576,513318,59575,11.61
4153,1048576,703054,123128,17.51
4154,1048576,1048576,1048576,100.0
4155,1048576,919128,157159,17.1
4156,1020802,753649,53813,7.14
4157,1048576,936419,6668,0.71
4158,511579,251475,47252,18.79
4159,1048576,707226,99493,14.07
4160,1048576,218981,22931,10.47
4161,1048576,918660,14915,1.62
4162,1048576,640310,114355,17.86
4163,1048576,544746,65107,11.95
4164,844452,672841,31251,4.64
4165,582208,579933,3631,0.63
4166,1048576,515952,50000,9.69
4167,1048576,796395,145463,18.27
4168,1048576,690238,78117,11.32
4169,1048576,1015731,91858,9.04
4170,1048576,958030,191,0.02
4171,1048576,765019,249478,32.61
4172,830628,818952,271,0.03
4173,524200,450458,122424,27.18
4174,1048576,971307,7898,0.81
4175,1048576,578406,82673,14.29
4176,1048576,943567,498,0.05
4177,1048576,911559,66497,7.29
4178,1048576,590601,37308,6.32
4179,1048576,984713,56607,5.75
4180,609341,523567,144268,27.55
4181,1048576,697038,111021,15.93
4182,1048576,844769,57640,6.82
4183,1048576,634593,283757,44.71
4184,1048576,296935,14153,4.77
4185,989543,831744,23935,2.88
4186,1048576,388976,76295,19.61
4187,638381,292798,29356,10.03
4188,1048576,880147,189952,21.58
4189,1048576,789582,52977,6.71
4190,1048576,737803,193055,26.17
